Date;Temp L2(°C);Temp L1(°C);Dew Point L2(°C);Dew Point L1(°C);Humidity L2(%);Humidity L1(%);Air Pressure(hPa);Wind Direction;WS max (m/s);WS min (m/s);WS max L2(m/s);WS min L2(m/s)
24.06.2026 08:45;25.2;25.1;NA;NA;51.6;52.6;1010.1;45;1;0.05;;
24.06.2026 09:00;27.1;28.8;NA;NA;47.3;44.7;1010.2;45;0.85;0.15;;
24.06.2026 09:15;26;26.4;15.1;15;50;49;1011.1;45;0.95;0.05;;
24.06.2026 09:30;27.1;26.8;14.4;14.3;46.4;47.3;1011;45;0.8;0.05;;
24.06.2026 09:45;26.7;26.9;13.8;14;44.4;44.8;1011.1;45;1.15;0.75;;
24.06.2026 10:00;28.1;28;13.4;14.1;41.8;41.8;1011.1;45;0.65;0.7;;
24.06.2026 10:15;30.2;30.1;13.6;13.1;37.1;38.6;1011.1;45;0.15;0.1;;
24.06.2026 10:30;27.5;27.7;13.1;13.3;41.5;40.6;1011;45;1.15;1.6;;
24.06.2026 10:45;28.5;29.5;13.4;13.8;38.8;36.3;1011.1;45;0.25;0.7;;
24.06.2026 11:00;28.1;28.7;13.4;14.1;40.9;40.8;1010.9;45;0.85;1.05;;
24.06.2026 11:15;28.8;29.1;13.6;14.2;39.2;41.5;1010.8;90;1.3;0;;
24.06.2026 11:30;28.2;28.9;12.3;12.8;38.5;38.4;1010.9;90;0.75;1.4;;
24.06.2026 11:45;28.5;29.1;12.6;12.8;39.4;39.1;1010.8;45;1.45;0.85;;
24.06.2026 12:00;33;31.3;12.2;15.8;34;39.1;1010.9;45;0.05;0.05;;
24.06.2026 12:15;30.3;30.1;12.3;12.8;34.1;33.6;1010.7;90;0.9;0.9;;
24.06.2026 12:30;31.6;32.4;12;12.7;63.2;63.9;1010.6;45;0.05;0;;
24.06.2026 12:45;30.4;31.2;12.1;12.1;31.7;31.1;1010.6;45;1;0.7;;
24.06.2026 01:00;30.1;30.5;12.9;12.8;32.4;33.4;1010.5;90;1.5;0.6;;
24.06.2026 01:15;31.04;30.9;12.9;13.9;33.3;34.1;1010.4;45;0.95;1;;
24.06.2026 01:30;33.5;33.2;14.2;14.1;29.8;29.6;1010.2;90;0.2;0.9;;
24.06.2026 01:45;32.1;33.8;12.1;12.1;32;29.6;1010.2;45;0.05;0.7;;
24.06.2026 02:00;31.1;31.8;10.3;11.7;27.4;27.1;1010;45;0.6;0.85;;
24.06.2026 02:15;31.2;31.2;11.6;12.1;31;31.9;1010;45;1.2;1.6;;
24.06.2026 02:30;32.4;33.1;11.5;12.5;28.4;29.5;1009.8;45;0.15;0.7;;
24.06.2026 02:45;34.9;34.8;12.2;12.8;26.8;26.9;1009.7;45;0.05;0.65;;
24.06.2026 03:00;34.2;36.5;12.2;12;28.6;28.6;1009.5;45;0.3;0.6;;
24.06.2026 03:15;33.9;34.5;10.3;10.9;24.1;25.2;1009.5;45;0;0;;
24.06.2026 03:30;33;32.7;11.5;13.9;26.8;27;1009.4;10;0.15;0.4;;
24.06.2026 03:45;32.3;32.7;11.5;12.5;27.1;27.6;1009.1;45;0.85;0.75;;
24.06.2026 04:00;33.3;33.2;12.1;13.4;27.3;28.9;1009.2;90;0;0.05;;
24.06.2026 04:15;32.6;32.6;12.1;12.4;27.8;29.1;1009.1;45;0.35;1.55;;
