TEMP_0M(°C),TEMP_2M(°C),RH_0M(%),RH_2M(%),WS_0m(m/s),WS_2m(m/s),Wind_dir,Dew_point_0m(°C),Dew_point_2m(°C),Date
25.95,25.95,51.7,50.1,0.0,0.2,225,15.3,15.3,2026-06-24 09:00:00
26.5,26.4,52.6,51.2,0.0,1.8,225,15.8,15.7,2026-06-24 09:15:00
27.1,27.3,49.0,48.0,0.0,0.1,225,15.4,15.0,2026-06-24 09:30:00
27.8,28.3,46.5,44.6,0.0,0.0,225,15.4,14.7,2026-06-24 09:45:00
28.6,28.9,43.3,41.0,0.0,0.3,225,14.75,14.6,2026-06-24 10:00:00
28.5,28.7,42.5,40.6,0.0,0.8,45,14.3,13.9,2026-06-24 10:15:00
31,30.5,37.3,37.6,0.3,0.4,225,14.7,14.4,2026-06-24 10:30:00
30.3,29.1,34.4,37.0,0.3,2.0,45,13.9,13.5,2026-06-24 10:45:00
35.2,34.8,31.8,30.7,0.1,1.3,45,15.7,15.2,2026-06-24 11:00:00
36.5,32.2,24.1,33.0,0.0,0.4,315,14.9,14.3,2026-06-24 11:15:00
32.8,31.0,31.3,34.0,0.3,0.9,45,14.6,13.5,2026-06-24 11:30:00
38.7,36.0,26.0,31.0,1.4,2.3,45,15.0,13.8,2026-06-24 11:45:00
30.7,30.6,34.1,33.6,0.1,0.3,45,12.5,13.2,2026-06-24 12:00:00
33,34.7,33.6,30.0,0.8,2.0,315,14.5,13.0,2026-06-24 12:15:00
33.9,34.6,34.6,29.3,0.8,0.0,225,14.7,12.7,2026-06-24 12:30:00
33.3,33.5,31.2,29.3,0.0,2.6,315,13.5,13.0,2026-06-24 12:45:00
36.1,33.0,30.0,27.9,1.3,2.1,45,14.7,12.6,2026-06-24 13:00:00
34.8,32.0,30.4,32.5,1.2,1.8,225,14.4,14.0,2026-06-24 13:15:00
32.4,32.8,32.5,30.7,1.2,0.9,45,13.8,13.3,2026-06-24 13:30:00
33.2,35.5,32.3,28.0,0.0,0.3,45,14.5,14.7,2026-06-24 13:45:00
35.9,34.1,26.7,26.6,0.0,0.3,225,13.5,11.9,2026-06-24 14:00:00
36.7,33.4,27.0,25.9,1.9,3.4,45,13.5,12.4,2026-06-24 14:15:00
36.4,32.4,28.1,29.0,0.0,0.2,135,14.5,12.2,2026-06-24 14:30:00
34.6,32.8,28.6,28.5,1.3,1.5,45,13.8,12.2,2026-06-24 14:45:00
34.5,32.9,29.9,27.7,2.2,2.5,135,13.7,12.1,2026-06-24 15:00:00
36.9,34.0,23.3,23.8,0.1,0.5,45,12.2,10.8,2026-06-24 15:15:00
35.5,34.1,26.3,24.6,1.4,2.0,315,12.9,11.6,2026-06-24 15:30:00
  ,34.0,24.2,26.5,2.1,2.3,45,12.6,12.0,2026-06-24 15:45:00
36.8,33.9,24.3,26.8,0.1,1.3,45,13.6,12.1,2026-06-24 16:00:00
35.8,33.3,26.4,27.0,2.2,2.8,45,13.1,11.9,2026-06-24 16:15:00
37.3,34.7,25.0,25.8,0.6,1.6,135,13.1,12.5,2026-06-24 16:30:00
