Air Pressure(hPa),RH_0M(%),RH_2M(%),TEMP_0M(°C),TEMP_2M(°C),WS_min_0M(m/s),WS max L1(m/s),WS_min_0m(m/s),WS_max_2m(m/s),Wind_dir,Dew_point_0m(°C),Dew_point_2m(°C),Date
1011.9,54.2,52.7,25.1,25.2,0.0,0.9,0.0,0.1,90,16.7,16.6,2026-06-24 08:45:00
1011.9,53.4,46.7,26.1,29.2,0.2,0.8,0.0,0.2,90,16.6,16.5,2026-06-24 09:00:00
1011.9,50.6,45.0,26.8,28.2,0.0,0.5,0.0,0.3,135,15.1,15.0,2026-06-24 09:15:00
1011.8,47.8,43.2,27.8,29.2,0.0,0.0,0.0,0.1,90,15.3,15.1,2026-06-24 09:30:00
1011.8,40.8,38.5,28.7,31.5,0.0,0.2,0.0,0.8,90,14.3,14.0,2026-06-24 09:45:00
1011.9,42.2,38.6,29.6,29.9,0.0,0.0,0.7,1.3,135,13.5,13.3,2026-06-24 10:00:00
1012.1,43.5,38.5,30.4,29.5,0.3,1.3,1.0,1.4,315,14.5,14.2,2026-06-24 10:15:00
1011.9,33.6,34.5,32.2,31.3,1.2,1.8,0.0,0.0,225,14.9,14.8,2026-06-24 10:30:00
1012.0,35.7,29.4,32.8,33.0,0.0,1.7,0.0,1.4,90,14.3,14.1,2026-06-24 10:45:00
1011.7,29.3,29.7,35.2,37.5,0.0,0.9,0.1,1.1,270,15.4,14.9,2026-06-24 11:00:00
1011.8,37.5,36.0,31.5,32.0,0.0,0.0,0.3,0.7,0,15.8,15.0,2026-06-24 11:15:00
1011.8,35.2,31.0,33.2,33.1,0.0,0.4,0.7,1.7,180,14.0,13.8,2026-06-24 11:30:00
1011.7,35.0,29.9,32.2,32.7,0.0,0.3,0.3,0.9,180,16.2,14.2,2026-06-24 11:45:00
1011.7,32.8,31.0,32.8,32.6,0.0,0.1,0.0,0.3,90,13.6,13.4,2026-06-24 12:00:00
1011.5,39.1,32.2,31.1,33.1,0.4,1.2,1.5,1.9,225,16.2,13.2,2026-06-24 12:15:00
1011.5,38.4,32.6,31.3,31.4,0.1,0.6,0.2,0.9,225,14.6,12.8,2026-06-24 12:30:00
1011.5,36.5,33.7,30.5,30.3,0.0,0.4,0.4,0.7,180,14.4,12.4,2026-06-24 12:45:00
1011.5,36.6,32.4,31.8,31.1,0.1,0.3,0.0,0.4,90,16.5,13.0,2026-06-24 13:00:00
1011.5,39.4,35.7,31.1,31.5,0.0,0.0,0.0,0.2,315,15.6,14.1,2026-06-24 13:15:00
1011.1,38.0,32.1,32.1,32.4,0.6,1.3,0.5,0.7,90,16.5,13.4,2026-06-24 13:30:00
1011.1,39.6,31.5,30.9,31.6,0.5,1.1,1.0,1.5,270,13.4,12.8,2026-06-24 13:45:00
1010.9,34.5,27.2,32.2,31.4,0.0,0.0,0.7,0.8,180,14.5,11.0,2026-06-24 14:00:00
1010.9,37.2,31.6,31.9,32.0,0.9,1.4,1.2,1.4,180,15.8,13.9,2026-06-24 14:15:00
1010.7,36.9,29.3,32.9,33.0,0.0,0.3,0.1,0.8,180,14.8,12.4,2026-06-24 14:30:00
1010.7,30.0,27.0,31.2,31.3,0.0,0.0,0.0,0.0,180,13.2,12.6,2026-06-24 14:45:00
1010.5,30.0,28.5,30.0,31.1,0.0,0.0,0.0,0.4,135,13.4,12.2,2026-06-24 15:00:00
1010.5,28.6,28.1,33.0,32.6,0.0,0.0,0.0,0.1,90,12.9,11.2,2026-06-24 15:15:00
1010.3,33.1,30.0,33.1,29.4,0.0,0.0,0.0,0.0,0,12.8,11.6,2026-06-24 15:30:00
1010.2,33.6,28.5,33.1,34.6,0.5,1.2,0.1,1.1,90,13.1,13.0,2026-06-24 15:45:00
1010.2,29.8,29.0,34.9,34.0,0.0,0.2,0.2,0.6,0,12.9,12.8,2026-06-24 16:00:00
1010.1,31.6,27.8,32.8,33.4,0.0,0.0,0.0,0.3,90,15.0,12.6,2026-06-24 16:15:00
1010.0,31.5,27.4,33.6,35.0,0.0,0.0,0.0,0.2,90,14.9,12.2,2026-06-24 16:30:00
